id,country,poor
9135,B,0.0858404
117,B,0.0740587
29085,B,0.16245681
55442,B,0.045040812
29281,B,0.106025994
63854,B,0.19956474
87565,B,0.1428218
64033,B,0.14732124
395,B,0.117715076
64544,B,0.3132251
66639,B,0.084203355
8102,B,0.1643198
60204,B,0.27492145
14800,B,0.15781385
79821,B,0.2223025
77704,B,0.2505205
58191,B,0.35603356
14093,B,0.0640924
25901,B,0.48479497
5975,B,0.25615272
4689,B,0.14141673
56320,B,0.2521099
74375,B,0.23708607
49456,B,0.63071096
14129,B,0.1824038
89232,B,0.13966146
65412,B,0.24347179
88120,B,0.05152299
93808,B,0.49272397
8571,B,0.055285454
39323,B,0.038683843
375,B,0.38113818
84199,B,0.1470032
35382,B,0.043741994
82785,B,0.09932624
60951,B,0.16432829
36193,B,0.07399821
65574,B,0.16658197
51811,B,0.23263116
12078,B,0.4241559
84891,B,0.08145459
88811,B,0.062447682
23433,B,0.035441745
64166,B,0.27261662
14336,B,0.022708738
90313,B,0.2133556
92817,B,0.06566312
10862,B,0.24671967
17583,B,0.22276582
12346,B,0.15850398
94589,B,0.07612423
83464,B,0.08969308
30322,B,0.11340753
30945,B,0.021733034
28906,B,0.1649418
7910,B,0.16133457
19793,B,0.07558846
49466,B,0.15979119
41835,B,0.17333527
79912,B,0.19973904
43092,B,0.076426245
53361,B,0.3905481
29411,B,0.009331156
67132,B,0.39474925
34945,B,0.19552144
11931,B,0.050638177
29321,B,0.058831464
75126,B,0.15369542
16690,B,0.10053619
85412,B,0.07793589
47328,B,0.45822957
68185,B,0.07908583
33468,B,0.061907463
12074,B,0.06395991
38765,B,0.07684348
56706,B,0.08210002
78944,B,0.04966596
64666,B,0.3143513
11681,B,0.40982348
3832,B,0.02752935
57455,B,0.114044055
84406,B,0.26159474
23936,B,0.19733053
79048,B,0.09834082
71266,B,0.073579006
4285,B,0.11259562
52733,B,0.14239883
75392,B,0.24477038
42611,B,0.16642983
58206,B,0.47420207
50549,B,0.105182216
57069,B,0.09020342
49621,B,0.36080357
90244,B,0.10855036
69756,B,0.07894389
36400,B,0.04168392
2988,B,0.20496269
21136,B,0.10535501
23656,B,0.25472912
90540,B,0.059981227
73089,B,0.251914
10106,B,0.12818803
67913,B,0.1211533
48993,B,0.22625506
26328,B,0.29963872
46256,B,0.026577653
9036,B,0.14223287
58307,B,0.10070625
64600,B,0.06523549
93494,B,0.097082935
40365,B,0.496328
60596,B,0.14173712
55750,B,0.14789174
63926,B,0.09357251
20369,B,0.5564564
12171,B,0.013790059
86726,B,0.29541087
25785,B,0.037747987
76981,B,0.20434357
56696,B,0.13156831
52969,B,0.12330458
4100,B,0.06548143
97595,B,0.14461094
84004,B,0.11654082
80808,B,0.22999947
3251,B,0.038524028
18309,B,0.24813539
68583,B,0.1578807
27159,B,0.15302317
31171,B,0.107707694
54713,B,0.42197338
62154,B,0.04118424
81070,B,0.1214623
30142,B,0.26014313
78616,B,0.035641186
42466,B,0.20051517
93444,B,0.3333664
94043,B,0.113760054
15677,B,0.109931745
95093,B,0.056732982
86898,B,0.3302036
94718,B,0.027699387
66619,B,0.12709963
34044,B,0.40268552
50853,B,0.110572055
54875,B,0.11103678
63792,B,0.27783176
11417,B,0.34882239
810,B,0.1226873
17828,B,0.24164866
14410,B,0.08415017
85183,B,0.028246611
77144,B,0.11173371
96185,B,0.10615735
83821,B,0.37851214
34132,B,0.15029483
28985,B,0.31210697
48386,B,0.10973544
42914,B,0.34590447
63566,B,0.24188565
36054,B,0.14961782
7770,B,0.2946
48544,B,0.16127487
16133,B,0.13455981
63046,B,0.23654541
11501,B,0.11368378
51103,B,0.19158718
48437,B,0.046255462
78655,B,0.101586916
33853,B,0.08102445
96,B,0.3387969
51959,B,0.13378191
67169,B,0.16328451
45631,B,0.13269097
46147,B,0.08310659
50883,B,0.058671914
40472,B,0.26196542
72956,B,0.07760337
64859,B,0.21322313
34693,B,0.055976246
9364,B,0.24715713
69727,B,0.119611524
64314,B,0.33275828
24878,B,0.16821739
34388,B,0.119776234
97476,B,0.05715695
34921,B,0.13425507
13314,B,0.07446097
18970,B,0.2143711
37507,B,0.19327982
87496,B,0.07080037
58604,B,0.027189871
30515,B,0.25394586
44906,B,0.2009368
93239,B,0.33664587
76112,B,0.019895535
6456,B,0.09571119
53927,B,0.05520053
64186,B,0.04999554
63138,B,0.61734515
82015,B,0.1074756
63170,B,0.10546662
54807,B,0.15720409
87793,B,0.026150933
97301,B,0.15239522
232,B,0.12662216
26634,B,0.37380204
85867,B,0.42075387
57325,B,0.30076396
35632,B,0.17030571
47840,B,0.055340823
9274,B,0.15097526
284,B,0.19960436
22742,B,0.27089804
53934,B,0.0753896
36966,B,0.68441606
42608,B,0.45536408
32006,B,0.22546504
59632,B,0.22380435
4497,B,0.19236353
42984,B,0.032497056
80997,B,0.011835936
45573,B,0.06865252
63859,B,0.055496104
60895,B,0.026324315
7989,B,0.34712157
31665,B,0.043908983
72500,B,0.061623625
70793,B,0.4690373
42953,B,0.2739456
14944,B,0.36321762
93417,B,0.13508755
48266,B,0.031868733
71348,B,0.17494653
32606,B,0.17021708
41107,B,0.15750834
28001,B,0.1224453
8641,B,0.06736549
13829,B,0.06315245
16375,B,0.13159238
56091,B,0.034460988
65795,B,0.15795018
74581,B,0.19765021
67780,B,0.090443246
45588,B,0.031671423
10436,B,0.14524491
59581,B,0.06115374
98935,B,0.13782166
9766,B,0.18925115
81489,B,0.17524962
97239,B,0.3876796
14815,B,0.085953295
90111,B,0.10329132
97125,B,0.12943575
72470,B,0.055303603
69539,B,0.283754
1477,B,0.023545608
25810,B,0.12311727
60760,B,0.45851836
86709,B,0.2143412
71675,B,0.14754717
88914,B,0.19461273
3596,B,0.182759
35449,B,0.49777606
22788,B,0.14624497
81414,B,0.03600733
54016,B,0.30369136
13416,B,0.1881583
95135,B,0.2626689
11145,B,0.4334271
34468,B,0.04802455
98924,B,0.20352842
66419,B,0.057120506
42597,B,0.28226265
59861,B,0.12605198
47536,B,0.19640116
24029,B,0.102877066
72289,B,0.37689358
42424,B,0.011958564
14644,B,0.109242655
54351,B,0.049548578
26585,B,0.054368753
85846,B,0.29030195
75832,B,0.16145633
90446,B,0.26937264
19509,B,0.19019149
36663,B,0.30174735
65640,B,0.50697464
33800,B,0.08798401
82292,B,0.23256746
63919,B,0.11510377
78108,B,0.18253651
23218,B,0.11207006
46507,B,0.07838549
12881,B,0.15171894
6561,B,0.12564985
92812,B,0.2492923
90133,B,0.066374876
33315,B,0.2042978
51492,B,0.12242974
59516,B,0.0639549
98682,B,0.057002988
42547,B,0.15094346
63690,B,0.41196737
4525,B,0.21230283
63244,B,0.1033182
81839,B,0.074308954
49052,B,0.13785118
21753,B,0.4366805
44180,B,0.10954609
30571,B,0.042945623
88166,B,0.19439922
2655,B,0.22371347
15861,B,0.07715236
80736,B,0.1345471
39751,B,0.43811867
58976,B,0.027986674
80715,B,0.18203804
40036,B,0.18474042
44413,B,0.23073563
51607,B,0.08035671
76740,B,0.06783109
35703,B,0.16342534
58957,B,0.048734155
65131,B,0.26480842
17145,B,0.07994197
78307,B,0.5341927
70568,B,0.35517183
95071,B,0.19689932
26730,B,0.14206445
63116,B,0.13964024
26574,B,0.10670882
26902,B,0.41531262
45531,B,0.0927883
97446,B,0.27811936
88853,B,0.04249181
75231,B,0.100496225
74483,B,0.2551857
47532,B,0.1326809
20768,B,0.4518686
11136,B,0.095888965
48147,B,0.18148355
95701,B,0.15225182
59049,B,0.11282159
55032,B,0.38093355
82180,B,0.2080355
13354,B,0.12871769
98827,B,0.12812291
78865,B,0.13944815
40806,B,0.22671029
43771,B,0.077148385
71024,B,0.11011371
80469,B,0.20848882
67256,B,0.038410414
96808,B,0.1479732
85553,B,0.052701365
82047,B,0.38314825
31570,B,0.08761336
68809,B,0.20845482
74267,B,0.18653545
7631,B,0.021863684
75717,B,0.59573
56647,B,0.07248124
59988,B,0.14157839
76348,B,0.17208843
53732,B,0.07509199
89258,B,0.0420185
9157,B,0.10426213
51900,B,0.18394099
22388,B,0.1888754
37602,B,0.056390617
60793,B,0.07109997
16471,B,0.09905456
86052,B,0.030280164
49860,B,0.15734163
56050,B,0.19921863
1066,B,0.07295363
23535,B,0.20306085
42035,B,0.26694155
91940,B,0.021885263
63799,B,0.049078032
59640,B,0.049066104
4661,B,0.6858908
83318,B,0.06863532
61649,B,0.05881904
79379,B,0.14325553
48595,B,0.35982078
75900,B,0.2792675
51697,B,0.01819948
13199,B,0.17879328
25090,B,0.11448034
47572,B,0.087147005
37138,B,0.12495935
91440,B,0.05403734
3485,B,0.027754195
79982,B,0.03882031
36702,B,0.2375904
64581,B,0.06116429
87498,B,0.088930264
89020,B,0.11854768
61192,B,0.061865717
65712,B,0.117561586
83514,B,0.05810427
7523,B,0.09435635
31365,B,0.13300338
38918,B,0.28393045
77069,B,0.26477265
35129,B,0.3737993
83429,B,0.12704304
82947,B,0.043335266
16246,B,0.037083264
60321,B,0.18748033
21083,B,0.24024808
55794,B,0.20563123
9658,B,0.3661348
30964,B,0.11267764
75937,B,0.32656604
28980,B,0.12930864
6322,B,0.39809445
88287,B,0.08904594
66667,B,0.052085128
55501,B,0.057309214
53837,B,0.18574066
81174,B,0.07531488
53756,B,0.1649099
71240,B,0.29162082
56417,B,0.19139215
19601,B,0.12092143
86377,B,0.40640464
74990,B,0.07811006
68883,B,0.5616015
20459,B,0.04574459
88083,B,0.07275094
87642,B,0.095519066
66631,B,0.29057518
89126,B,0.26461017
30318,B,0.08621275
3600,B,0.051811703
50242,B,0.10559983
80986,B,0.19289537
73091,B,0.23506512
10990,B,0.43715283
16783,B,0.066632554
46318,B,0.11834858
50548,B,0.21213216
14726,B,0.40625098
4292,B,0.06839188
53321,B,0.04528116
27169,B,0.03343108
32575,B,0.09264464
84443,B,0.17781824
86942,B,0.33717048
73706,B,0.028623287
97123,B,0.10394273
17171,B,0.078704074
5399,B,0.15971999
97084,B,0.049841203
45143,B,0.037114047
23211,B,0.26597804
54508,B,0.033040106
17742,B,0.1958348
86750,B,0.047616858
31950,B,0.2520885
17724,B,0.13152571
23387,B,0.18958253
91414,B,0.12161206
64280,B,0.25505123
18039,B,0.089494206
40749,B,0.18495734
36442,B,0.114307664
93920,B,0.6676714
80481,B,0.18949644
14778,B,0.23773164
33043,B,0.33748338
82190,B,0.15707877
44028,B,0.089141585
8627,B,0.11945056
58135,B,0.025242513
61436,B,0.46839532
4570,B,0.023840567
26823,B,0.12272379
19187,B,0.1420091
6344,B,0.060015973
6791,B,0.06378088
57093,B,0.41132063
43846,B,0.12394493
54397,B,0.04862108
86358,B,0.42103034
17990,B,0.09377928
42964,B,0.11538291
24809,B,0.15301315
54232,B,0.06912945
30777,B,0.08034688
4467,B,0.14414726
7909,B,0.2000787
34185,B,0.047492463
61249,B,0.016322631
47382,B,0.1914279
55510,B,0.21410528
40463,B,0.080796346
14983,B,0.29765147
27092,B,0.14259833
25539,B,0.07666142
75747,B,0.115439795
86111,B,0.11907691
34192,B,0.30088502
65285,B,0.16941877
76935,B,0.05004211
67572,B,0.18927644
73194,B,0.26233223
60005,B,0.083578214
6668,B,0.12231622
89237,B,0.12524281
91091,B,0.31535172
34243,B,0.02060895
39819,B,0.028089892
13759,B,0.16804336
92320,B,0.303576
72399,B,0.07560297
1514,B,0.023111206
75567,B,0.23401645
95710,B,0.018610267
93632,B,0.115461566
57909,B,0.11557631
30465,B,0.11820747
14098,B,0.14340925
63680,B,0.37175214
22559,B,0.25537413
34193,B,0.10614891
58737,B,0.1241487
82195,B,0.03528501
73307,B,0.07899837
18866,B,0.046425983
62410,B,0.02934191
19731,B,0.016395202
7153,B,0.2031889
6762,B,0.18197961
1147,B,0.17433465
13079,B,0.33490205
62611,B,0.094141975
11677,B,0.13917455
86312,B,0.073643036
63881,B,0.1290297
16423,B,0.18262316
37934,B,0.4303496
56466,B,0.19718325
89856,B,0.08952839
48290,B,0.10180475
8862,B,0.44383183
92229,B,0.14056093
75795,B,0.15040998
41523,B,0.10236719
71563,B,0.49991015
6770,B,0.120630205
23676,B,0.25913835
84634,B,0.09777686
69812,B,0.058970716
19628,B,0.11331483
78698,B,0.3193251
84043,B,0.04939257
17846,B,0.091450244
13743,B,0.15767391
21688,B,0.092655264
56646,B,0.17673512
68850,B,0.100483164
77760,B,0.065498725
28856,B,0.023891581
71657,B,0.38317218
54453,B,0.48855987
30326,B,0.14498787
58541,B,0.14406177
36699,B,0.04065826
26854,B,0.22682527
61931,B,0.0640595
10260,B,0.28111553
97951,B,0.06522021
80120,B,0.039286774
54720,B,0.19643374
17333,B,0.17357853
26998,B,0.153744
13039,B,0.10988394
32320,B,0.07566056
52131,B,0.07643115
33824,B,0.38356325
3609,B,0.11773296
18175,B,0.40703973
73631,B,0.046743937
47466,B,0.128574
97757,B,0.16168272
97867,B,0.59247005
7164,B,0.27498257
28559,B,0.0691819
74610,B,0.1412177
99340,B,0.06990841
80831,B,0.06886094
51896,B,0.20593372
86640,B,0.061153267
32686,B,0.13364702
68886,B,0.07827699
87569,B,0.22617368
27659,B,0.017555306
63843,B,0.043930527
25543,B,0.06874025
96540,B,0.020724175
97353,B,0.18396276
23948,B,0.18907449
84756,B,0.15447958
32878,B,0.06403784
54445,B,0.05474363
29314,B,0.073022425
37537,B,0.1916509
66314,B,0.502658
34385,B,0.14714506
64022,B,0.08373609
84378,B,0.13428457
39065,B,0.083092734
33028,B,0.1273582
11124,B,0.15235986
17290,B,0.31501228
58198,B,0.075320795
21799,B,0.09980351
48996,B,0.2827032
58698,B,0.20547077
21978,B,0.12539417
56673,B,0.06600815
51691,B,0.10982149
49662,B,0.049783338
83991,B,0.11765012
51083,B,0.07696023
6045,B,0.1856227
72969,B,0.070515126
53078,B,0.2051718
91604,B,0.03858346
98753,B,0.082106106
91403,B,0.1401596
73792,B,0.19706899
86149,B,0.20713913
59745,B,0.17710702
91412,B,0.21316569
90921,B,0.050691918
78571,B,0.09677883
75353,B,0.16627876
68575,B,0.20489135
86935,B,0.036534414
42359,B,0.044779312
32336,B,0.1455061
49004,B,0.24228653
13578,B,0.16168496
61492,B,0.11564217
38361,B,0.031709347
86074,B,0.16220848
71831,B,0.13766241
22966,B,0.41897234
4846,B,0.10544246
64151,B,0.082302876
96213,B,0.0480221
84538,B,0.111668445
80609,B,0.08972054
56354,B,0.11451761
4280,B,0.04930194
71168,B,0.23342982
27776,B,0.35799202
16532,B,0.16006793
27184,B,0.014344876
46270,B,0.035611674
8906,B,0.0349918
12687,B,0.18366227
83550,B,0.3101529
69323,B,0.4193266
66154,B,0.2133313
78742,B,0.13669167
15841,B,0.11512146
49698,B,0.09421672
97704,B,0.34879345
24794,B,0.13851377
77379,B,0.08025588
36341,B,0.12539765
91958,B,0.28129974
67269,B,0.026970038
6819,B,0.059168827
89598,B,0.2942591
45532,B,0.13280283
64900,B,0.0013519138
76293,B,0.22050384
5061,B,0.14899501
92601,B,0.20233893
28830,B,0.16711
18167,B,0.1912641
54167,B,0.18555723
53009,B,0.03479363
32555,B,0.115798086
78836,B,0.24678932
93844,B,0.28911972
72704,B,0.050112683
15561,B,0.2254973
93010,B,0.16652933
42076,B,0.2989877
3243,B,0.21291506
74569,B,0.04220997
38956,B,0.2054966
46157,B,0.10160907
21045,B,0.2046516
15609,B,0.21428263
91451,B,0.16722308
68212,B,0.10377749
2486,B,0.037463173
5048,B,0.13479629
62197,B,0.011664918
78064,B,0.109785326
15220,B,0.09226443
40165,B,0.083509065
98812,B,0.23374066
31462,B,0.1566044
57930,B,0.104598895
33379,B,0.076273896
34011,B,0.17232202
71323,B,0.2200835
16052,B,0.30972937
63365,B,0.08788192
78831,B,0.19470945
5749,B,0.26918608
65053,B,0.22287932
81737,B,0.5013921
82558,B,0.28978083
58880,B,0.060411923
29211,B,0.14696483
32385,B,0.13080348
69126,B,0.046072878
88255,B,0.027306046
21971,B,0.034179483
28752,B,0.23189318
66858,B,0.11851638
10612,B,0.100665234
86420,B,0.10061199
88250,B,0.04180381
87138,B,0.08548643
57151,B,0.10301465
43233,B,0.119292006
6185,B,0.03696286
51367,B,0.11242854
86470,B,0.10546502
25472,B,0.22153689
52113,B,0.32993954
30485,B,0.33792242
47509,B,0.090410195
47119,B,0.29117534
71875,B,0.36342797
95835,B,0.052580304
81164,B,0.12010426
47711,B,0.3401704
47221,B,0.16733453
40345,B,0.15489867
48991,B,0.25499654
71849,B,0.067561135
26505,B,0.14541379
5150,B,0.031350274
44058,B,0.22065566
49145,B,0.221123
15075,B,0.10093581
359,B,0.145692
58711,B,0.0783701
7168,B,0.1276815
90025,B,0.14639488
16244,B,0.16355541
56187,B,0.17679557
6073,B,0.014203519
70933,B,0.15740696
40573,B,0.14608948
45338,B,0.25376534
61956,B,0.015926378
65074,B,0.054402053
62318,B,0.06925436
32225,B,0.46196514
36643,B,0.09188854
63861,B,0.011121865
63449,B,0.42273167
58478,B,0.13301927
56630,B,0.41012025
44575,B,0.15567082
24602,B,0.11444725
46518,B,0.15464815
31515,B,0.111412644
10047,B,0.13122077
22649,B,0.053256962
82704,B,0.053751882
79311,B,0.1259494
92381,B,0.10279508
20371,B,0.085882746
63533,B,0.31719688
97841,B,0.060479783
12530,B,0.33357662
9314,B,0.2822359
13864,B,0.26110047
53829,B,0.039425597
3745,B,0.22799858
45018,B,0.14516906
63596,B,0.20828508
70290,B,0.04424861
22873,B,0.37776938
62398,B,0.24016356
58726,B,0.059710883
23332,B,0.13357148
9208,B,0.3685059
5326,B,0.04336483
86423,B,0.14000653
16033,B,0.1631257
77918,B,0.045676045
15504,B,0.14588772
86902,B,0.110469155
37117,B,0.11513677
44872,B,0.101715416
62967,B,0.36856243
67998,B,0.24204183
47253,B,0.41409716
82914,B,0.23672824
5937,B,0.09020814
99554,B,0.16087712
2857,B,0.17107768
70063,B,0.0999585
954,B,0.3278251
36440,B,0.110062614
93336,B,0.03858676
14105,B,0.33972114
97673,B,0.5393129
70061,B,0.41483584
11147,B,0.3297665
12894,B,0.1535249
5504,B,0.061497636
6426,B,0.24521193
7994,B,0.12104972
98949,B,0.25351804
82109,B,0.2262968
57198,B,0.043944746
44155,B,0.14209442
27516,B,0.22776029
70558,B,0.09401162
26910,B,0.076708876
53940,B,0.08604061
29068,B,0.00812107
77846,B,0.19971403
96693,B,0.11987208
69492,B,0.048569478
5752,B,0.116993815
47791,B,0.16061948
48004,B,0.22264145
86782,B,0.066246904
33891,B,0.14276122
23568,B,0.28472865
32737,B,0.2784235
69369,B,0.12557721
67577,B,0.15013717
56713,B,0.13073044
28734,B,0.054600876
92356,B,0.04215992
68566,B,0.062642895
48890,B,0.10775342
50112,B,0.33677864
43400,B,0.081816435
3019,B,0.1306847
36312,B,0.17148314
62683,B,0.0658725
29742,B,0.2585261
70259,B,0.12205674
68768,B,0.19051892
80720,B,0.38119915
58190,B,0.20373888
50923,B,0.073229544
77824,B,0.060474217
29434,B,0.057684757
21613,B,0.13729413
38797,B,0.23956226
99650,B,0.34977162
31829,B,0.095585465
93096,B,0.12155331
85937,B,0.16443887
22287,B,0.1188745
26584,B,0.15530455
38422,B,0.1810182
93213,B,0.30798554
55351,B,0.14506768
54515,B,0.04155308
85175,B,0.12112416
33383,B,0.25185362
29428,B,0.076515414
32134,B,0.038156297
81620,B,0.2570626
85646,B,0.16414425
97312,B,0.0768699
58158,B,0.37950936
56268,B,0.14504054
18754,B,0.46904305
51564,B,0.24159579
66216,B,0.045003787
96506,B,0.3598624
38926,B,0.34641853
3722,B,0.103247076
51885,B,0.122105956
24986,B,0.11314436
8527,B,0.08741267
95707,B,0.03702739
22271,B,0.0754591
62146,B,0.1801923
6224,B,0.20347337
68104,B,0.16142309
82938,B,0.08810981
10173,B,0.09915871
11970,B,0.34593645
69617,B,0.24448508
71566,B,0.061193023
190,B,0.25014648
53184,B,0.120483935
37629,B,0.018430904
32103,B,0.09832887
92470,B,0.16056651
34995,B,0.026374197
16843,B,0.31662625
4449,B,0.07021992
83244,B,0.041045297
57847,B,0.06529462
55595,B,0.083228834
61357,B,0.32032102
67142,B,0.14336173
69020,B,0.1830497
73329,B,0.107180215
501,B,0.35221964
84512,B,0.06827316
9821,B,0.45332584
6937,B,0.5548837
95740,B,0.058092732
31247,B,0.08182331
30060,B,0.31990635
45870,B,0.1953603
61834,B,0.11320957
77939,B,0.09501178
71043,B,0.22857746
43470,B,0.08275258
68761,B,0.044026386
1443,B,0.1583124
60086,B,0.09384303
71664,B,0.26898167
30373,B,0.11781627
66877,B,0.24421081
76924,B,0.054250572
87271,B,0.18210612
45711,B,0.16595355
91080,B,0.008823498
93649,B,0.1220207
59583,B,0.1979774
8355,B,0.38676375
87098,B,0.088441715
68215,B,0.044088632
6781,B,0.3610727
95389,B,0.14771523
41893,B,0.027571576
26737,B,0.07019625
71758,B,0.024750791
71960,B,0.0419459
75740,B,0.37092465
84970,B,0.17740104
20562,B,0.06558182
94848,B,0.1388052
50537,B,0.11970481
94109,B,0.20814925
85443,B,0.08489999
93276,B,0.039471194
33808,B,0.05764541
15081,B,0.021674247
79842,B,0.065171674
98399,B,0.1727967
1724,B,0.1844966
66669,B,0.13722014
47776,B,0.09112947
5385,B,0.43058515
74641,B,0.15243389
40999,B,0.07997262
39896,B,0.12619501
81250,B,0.04817054
81513,B,0.046495706
10543,B,0.09338779
58759,B,0.5166186
89128,B,0.11712397
2640,B,0.046638455
6447,B,0.17024499
4313,B,0.06907422
96110,B,0.14238648
47661,B,0.1719287
81176,B,0.18099299
98805,B,0.28447598
59919,B,0.08685874
80724,B,0.13729022
28959,B,0.25117096
83944,B,0.14055982
79528,B,0.057011846
15050,B,0.16587847
87388,B,0.038417872
45343,B,0.10509327
38064,B,0.1655933
47402,B,0.025435315
20326,B,0.37432188
73820,B,0.031519134
2886,B,0.15469132
24492,B,0.11622367
99422,B,0.040497955
85230,B,0.12302849
53275,B,0.12925063
15959,B,0.051790655
33917,B,0.101389885
4907,B,0.11060976
18852,B,0.44445467
44849,B,0.12986101
82600,B,0.13987875
57766,B,0.06909756
66676,B,0.27319315
43042,B,0.33000717
36007,B,0.07185265
98205,B,0.12357412
84768,B,0.13544817
25369,B,0.38636357
70884,B,0.23274282
6259,B,0.3158894
16832,B,0.083768606
53883,B,0.054549284
7776,B,0.08633132
22236,B,0.052403014
97615,B,0.05009329
42362,B,0.06507751
41404,B,0.06041795
4511,B,0.21996108
31649,B,0.05050406
98710,B,0.10536596
65501,B,0.21597813
17776,B,0.29999006
44267,B,0.05847931
3057,B,0.044481505
61916,B,0.026880816
9422,B,0.21473673
24020,B,0.21364246
24058,B,0.2697384
77315,B,0.07566664
82349,B,0.04345862
41703,B,0.28558442
10632,B,0.10195717
15456,B,0.07574131
73534,B,0.04224435
3391,B,0.073081
1925,B,0.26188827
65101,B,0.10790296
28926,B,0.11080075
85262,B,0.42755592
54420,B,0.19694139
98268,B,0.17775413
47028,B,0.03832439
68249,B,0.17564355
72521,B,0.37251857
84649,B,0.45500964
83365,B,0.11264596
15696,B,0.18060493
49279,B,0.3499829
76904,B,0.061568163
9745,B,0.35349798
80957,B,0.0521584
885,B,0.07976361
52724,B,0.043617066
86518,B,0.14069895
64969,B,0.28640437
24595,B,0.121390246
17725,B,0.42377827
37031,B,0.12576503
59393,B,0.048966568
45567,B,0.118050896
55122,B,0.024173673
14292,B,0.1654088
14922,B,0.12464242
62606,B,0.118136786
95600,B,0.15904883
22360,B,0.08063988
27607,B,0.1339989
30113,B,0.13943742
81266,B,0.18401538
99200,B,0.16974013
17077,B,0.19118504
62004,B,0.07096499
54750,B,0.14671056
33615,B,0.12485429
48,B,0.093473755
46809,B,0.12026027
29626,B,0.15464923
22035,B,0.12904125
26479,B,0.10592835
11882,B,0.26243162
72806,B,0.19399747
15219,B,0.14940739
8778,B,0.08241427
74741,B,0.12999769
26303,B,0.14565495
7146,B,0.05394334
89643,B,0.09939338
25100,B,0.10481855
91596,B,0.078729406
42055,B,0.11470719
76656,B,0.06841998
28088,B,0.577021
48943,B,0.110728174
26860,B,0.1175229
86992,B,0.21365404
15232,B,0.17136717
15281,B,0.12506294
85662,B,0.036143854
68252,B,0.037818268
47089,B,0.07677307
88148,B,0.058594145
83416,B,0.034422044
79824,B,0.040670075
51857,B,0.19287658
40614,B,0.18866801
48013,B,0.058620956
52090,B,0.096423164
88689,B,0.30476195
95049,B,0.036668457
25947,B,0.053510383
52975,B,0.099598
38277,B,0.050137572
41698,B,0.076132484
85719,B,0.14693215
508,B,0.14515096
4516,B,0.37897643
42250,B,0.03546938
68811,B,0.07234348
18634,B,0.052516524
24843,B,0.23975225
52308,B,0.20123164
25951,B,0.27957827
62345,B,0.39482966
30424,B,0.020380618
27501,B,0.18418455
7222,B,0.016071817
98147,B,0.20924185
20053,B,0.31268808
4042,B,0.15519716
2846,B,0.10021843
1372,B,0.07061049
54371,B,0.089142375
51686,B,0.2155306
34445,B,0.23024689
78045,B,0.11679419
10215,B,0.044116627
46422,B,0.09575191
32759,B,0.099509366
36492,B,0.37882295
52161,B,0.097393945
56560,B,0.22013941
82968,B,0.2315276
93695,B,0.12187099
95401,B,0.116464175
61358,B,0.08362432
74908,B,0.19474131
95470,B,0.06676412
75334,B,0.18627779
17074,B,0.18291618
88223,B,0.14654267
49091,B,0.05820942
40080,B,0.13104153
87083,B,0.39085314
66593,B,0.3023243
13584,B,0.07943546
57292,B,0.13776293
77331,B,0.18952845
49025,B,0.028533602
78630,B,0.015741808
29341,B,0.08960318
10032,B,0.11516723
43864,B,0.16348498
78818,B,0.095325656
78374,B,0.032509435
49024,B,0.23964842
49266,B,0.3320989
35237,B,0.103392504
80213,B,0.3597167
4258,B,0.1662491
18357,B,0.20249695
5517,B,0.045005728
38127,B,0.5259073
31177,B,0.10150488
73856,B,0.015278035
49874,B,0.13234842
24838,B,0.6092422
61569,B,0.30070585
62209,B,0.1823387
39660,B,0.03667725
23293,B,0.16830018
23472,B,0.49420464
35087,B,0.02680099
14201,B,0.07507128
60745,B,0.11488235
79637,B,0.010150399
32231,B,0.1337361
88420,B,0.110909276
25863,B,0.018274589
13132,B,0.019894492
52480,B,0.061851855
40928,B,0.04757979
33846,B,0.050825067
57495,B,0.1254476
22400,B,0.05601355
46077,B,0.11123817
62097,B,0.19498032
13539,B,0.05667131
40317,B,0.07104167
53915,B,0.4970468
64719,B,0.1629548
2891,B,0.07686686
26177,B,0.013682263
85831,B,0.10852842
45896,B,0.14680757
65920,B,0.3473451
345,B,0.1818834
5592,B,0.19770226
44938,B,0.14407371
80899,B,0.3317296
82878,B,0.16142954
51598,B,0.051278796
20263,B,0.082409814
42157,B,0.032111064
43826,B,0.44776773
56025,B,0.07056726
92900,B,0.17208709
12654,B,0.05055067
49107,B,0.2387316
92978,B,0.11889427
62499,B,0.23027621
92824,B,0.09781597
15477,B,0.16676587
47502,B,0.3171597
8137,B,0.11743164
25087,B,0.10528863
82540,B,0.020325845
21482,B,0.085494496
10134,B,0.07077188
7112,B,0.101171084
63359,B,0.080074765
89954,B,0.053731438
67499,B,0.14931461
9705,B,0.26717797
41920,B,0.16034618
61319,B,0.12512568
35165,B,0.3134006
23317,B,0.1688359
62805,B,0.05956327
28483,B,0.6744731
92597,B,0.16125394
58358,B,0.34230727
86711,B,0.54488117
64846,B,0.07756561
13643,B,0.06474773
66960,B,0.17892444
99413,B,0.033756237
38061,B,0.037323304
7545,B,0.5788204
57907,B,0.0918274
68031,B,0.12232333
98150,B,0.026592268
12360,B,0.08721204
94135,B,0.07358265
68191,B,0.057320803
30989,B,0.09301526
64251,B,0.30895817
98219,B,0.140419
37904,B,0.15977444
25971,B,0.15546425
73027,B,0.24818061
76522,B,0.17513616
181,B,0.16509114
97770,B,0.12588294
29712,B,0.10688273
31189,B,0.036090363
82228,B,0.0690352
82053,B,0.14975268
19397,B,0.22622629
73603,B,0.014017381
76084,B,0.09127983
68076,B,0.10961904
59540,B,0.04261338
34534,B,0.21823043
50766,B,0.09955644
42688,B,0.08876013
82366,B,0.08761738
58918,B,0.2667132
60503,B,0.57378465
77931,B,0.071391866
59546,B,0.16809876
15024,B,0.04663169
17543,B,0.09154611
34034,B,0.21101713
47369,B,0.036168672
46825,B,0.09206703
50144,B,0.15925534
30800,B,0.08029355
56929,B,0.16111071
92965,B,0.08342612
45539,B,0.32248497
67325,B,0.32219768
17316,B,0.09008653
36275,B,0.3007375
80597,B,0.18257816
95795,B,0.023783525
78565,B,0.21345267
29231,B,0.301267
47373,B,0.085316904
12276,B,0.029967198
92385,B,0.0845597
42436,B,0.12078212
45889,B,0.100223936
6151,B,0.14129181
90588,B,0.11932355
98608,B,0.16337365
98037,B,0.045836404
40552,B,0.112037785
54107,B,0.34449875
74978,B,0.06532289
47537,B,0.05690743
80864,B,0.073773615
96339,B,0.08708187
13951,B,0.20800062
30453,B,0.048351876
23516,B,0.053638272
83402,B,0.18508333
79719,B,0.30936655
55610,B,0.43041298
42658,B,0.09388105
47175,B,0.14479828
51493,B,0.03978382
44747,B,0.05635521
32500,B,0.06526634
14108,B,0.06650153
6278,B,0.25581545
62316,B,0.034669135
32578,B,0.2840865
60340,B,0.17357743
4407,B,0.06180684
26439,B,0.0756517
61015,B,0.15630865
42010,B,0.05805036
16530,B,0.14074092
90283,B,0.22673056
12511,B,0.2435729
56491,B,0.058722094
70911,B,0.2355949
23880,B,0.03044505
51581,B,0.19520351
95554,B,0.14171523
27272,B,0.098343045
72019,B,0.5083201
62012,B,0.015074766
65119,B,0.09248365
58441,B,0.16016267
22183,B,0.09389332
11206,B,0.1462113
22889,B,0.24783666
55799,B,0.13738681
57851,B,0.20269206
33292,B,0.039372765
36148,B,0.20213076
36093,B,0.5352517
13620,B,0.09900852
12002,B,0.07295824
99656,B,0.08584399
96058,B,0.10012897
13704,B,0.05003054
44853,B,0.24275054
31250,B,0.31948224
43608,B,0.4486019
33144,B,0.22259665
80156,B,0.1603549
57652,B,0.031523675
65528,B,0.1033327
8660,B,0.26770425
24407,B,0.20797622
40198,B,0.7719536
4039,B,0.2454693
97088,B,0.062020756
70580,B,0.10042829
52594,B,0.17933999
78010,B,0.19588731
93316,B,0.039202478
31737,B,0.12101605
86089,B,0.22531725
61811,B,0.07110286
22321,B,0.6792005
72634,B,0.045108225
63768,B,0.18539833
42583,B,0.18611223
22682,B,0.02814764
70274,B,0.082204536
46448,B,0.16997665
55491,B,0.052491605
98042,B,0.16309139
1405,B,0.105614945
93460,B,0.15066862
9074,B,0.194078
8391,B,0.070944265
76384,B,0.058694806
14810,B,0.24100655
39885,B,0.07701509
80138,B,0.2925757
54171,B,0.24468513
16637,B,0.0397281
85671,B,0.15830629
28858,B,0.061180014
25617,B,0.14921755
53876,B,0.10656603
40826,B,0.064063415
8486,B,0.12286643
80175,B,0.09577462
36517,B,0.06457131
92903,B,0.23086883
78785,B,0.08705492
72472,B,0.07753121
88373,B,0.13240226
4216,B,0.07905293
56649,B,0.0746439
53088,B,0.12603335
4895,B,0.27888608
87402,B,0.3710865
2054,B,0.22500195
17153,B,0.17967598
54961,B,0.23778212
86501,B,0.17449488
60558,B,0.11075386
338,B,0.1375935
34589,B,0.031262953
84164,B,0.02470214
7047,B,0.056672573
80439,B,0.2091288
85211,B,0.17655064
66134,B,0.027023096
22592,B,0.106218085
15276,B,0.037409663
45403,B,0.098969184
56177,B,0.2842955
30432,B,0.12597266
46781,B,0.40134418
66265,B,0.12468492
16391,B,0.085306786
79568,B,0.11712952
74013,B,0.093526356
11742,B,0.19084665
29639,B,0.23649435
19593,B,0.07432337
61519,B,0.06360302
17217,B,0.12480385
58824,B,0.14927372
41748,B,0.1561525
40602,B,0.10994357
53814,B,0.07322436
76723,B,0.02552583
35617,B,0.052857943
66952,B,0.08693542
68661,B,0.34139112
57497,B,0.38136283
38261,B,0.20807894
20808,B,0.07766718
4485,B,0.12790108
22901,B,0.05538114
6238,B,0.33028874
59923,B,0.2695078
50487,B,0.34990373
78935,B,0.1228093
9461,B,0.081806175
43109,B,0.46996745
94696,B,0.104832135
7076,B,0.04089678
6368,B,0.07608426
57390,B,0.06819383
94023,B,0.110928684
45614,B,0.3404111
96946,B,0.10223214
22254,B,0.21408987
63297,B,0.09246212
44304,B,0.15571822
80784,B,0.21070161
46097,B,0.17898989
78147,B,0.09535617
26540,B,0.15275279
96010,B,0.29642245
10452,B,0.31707448
34386,B,0.18679254
7642,B,0.1846365
33361,B,0.13372721
89501,B,0.17198265
46198,B,0.08258752
62204,B,0.055539194
75145,B,0.51722854
98312,B,0.07859472
91826,B,0.2056145
77962,B,0.19359706
18813,B,0.21639052
48566,B,0.3203223
3844,B,0.12349567
95592,B,0.16901766
44943,B,0.020296164
80767,B,0.45312935
93364,B,0.30804744
59696,B,0.22704756
57933,B,0.29649788
81745,B,0.17687011
71814,B,0.11789431
3254,B,0.19988479
92365,B,0.20002078
93034,B,0.20464292
71941,B,0.20382994
3649,B,0.17002797
87286,B,0.23568754
37584,B,0.36077216
93445,B,0.14257118
92873,B,0.1286686
95767,B,0.013384051
85656,B,0.08616001
53963,B,0.04174957
96140,B,0.025572533
9833,B,0.071191
15852,B,0.108905986
38703,B,0.15371792
40541,B,0.031614695
11159,B,0.14372715
25303,B,0.14104216
26206,B,0.15815368
57805,B,0.23112378
3091,B,0.24051271
60085,B,0.015655946
22917,B,0.022897985
60823,B,0.13867164
28459,B,0.29499245
84905,B,0.21142687
64211,B,0.1363866
89937,B,0.15532514
63777,B,0.116487294
80118,B,0.04425711
60349,B,0.09100972
20591,B,0.085677676
6049,B,0.08330377
46303,B,0.15996946
15377,B,0.08429655
54737,B,0.022960212
94306,B,0.20276225
41586,B,0.07675836
73365,B,0.361733
8022,B,0.010858078
90940,B,0.054681767
85068,B,0.15078463
77750,B,0.04201937
14092,B,0.1849647
58714,B,0.24537529
22202,B,0.021702833
85467,B,0.17640916
42493,B,0.05633295
5207,B,0.15623254
73604,B,0.026407486
66781,B,0.07391994
99801,B,0.22439264
38525,B,0.22724177
70201,B,0.15126918
36381,B,0.07203192
89792,B,0.20653322
63025,B,0.08900921
14133,B,0.06798891
80496,B,0.2162271
36166,B,0.2025366
30626,B,0.039606705
74906,B,0.40813315
29532,B,0.08459635
85839,B,0.0786748
30103,B,0.079827726
49964,B,0.070910655
88410,B,0.2627146
26794,B,0.24144593
78070,B,0.078618616
96802,B,0.17923734
55615,B,0.21333805
42382,B,0.038685795
45506,B,0.06253103
16963,B,0.1463863
27452,B,0.2564123
44221,B,0.063344754
15712,B,0.09645454
55561,B,0.18483016
86841,B,0.11415378
24333,B,0.14512064
3092,B,0.12028372
36013,B,0.15921253
51583,B,0.07711334
75343,B,0.53255314
77160,B,0.05802549
69734,B,0.07883769
65303,B,0.0691296
45834,B,0.059500873
80366,B,0.087748155
71375,B,0.06678779
35744,B,0.05565051
46099,B,0.21661647
30519,B,0.020068083
64794,B,0.14227404
33971,B,0.049378112
28104,B,0.10530246
52739,B,0.1093152
